URL,
https://catalog.data.metro.tokyo.lg.jp/dataset/t131113d0000000022,
https://catalog.data.metro.tokyo.lg.jp/dataset/t131199d0000000155,
https://catalog.data.metro.tokyo.lg.jp/dataset/t131229d0000000004,
https://catalog.data.metro.tokyo.lg.jp/dataset/t131083d0000000003,
https://catalog.data.metro.tokyo.lg.jp/dataset/t131083d0000000002,
https://catalog.data.metro.tokyo.lg.jp/dataset/t131202d0000000038,
https://catalog.data.metro.tokyo.lg.jp/dataset/t131148d0000000003,
https://catalog.data.metro.tokyo.lg.jp/dataset/t132292d0000000005,
https://catalog.data.metro.tokyo.lg.jp/dataset/t132284d0000000003,
https://catalog.data.metro.tokyo.lg.jp/dataset/t132195d0000000004,
https://catalog.data.metro.tokyo.lg.jp/dataset/t131041d0000000004,
https://catalog.data.metro.tokyo.lg.jp/dataset/t131041d0000000007,
https://catalog.data.metro.tokyo.lg.jp/dataset/t131032d0000000009,
https://catalog.data.metro.tokyo.lg.jp/dataset/t134015d0000000002,
https://catalog.data.metro.tokyo.lg.jp/dataset/t131091d0000000005,
https://catalog.data.metro.tokyo.lg.jp/dataset/t132047d0000000004,
https://catalog.data.metro.tokyo.lg.jp/dataset/t132098d0000000101